userid,gender,age
1,F,1
2,M,56
3,M,25
4,M,45
5,M,25
6,F,50
7,M,35
8,M,25
9,M,25
10,F,35
11,F,25
12,M,25
13,M,45
14,M,35
15,M,25
16,F,35
17,M,50
18,F,18
19,M,1
20,M,25
21,M,18
22,M,18
23,M,35
24,F,25
25,M,18
26,M,25
27,M,25
28,F,25
29,M,35
30,F,35
31,M,56
32,F,25
33,M,45
34,F,18
35,M,45
36,M,25
37,F,25
38,F,18
39,M,18
40,M,45
41,F,18
42,M,25
43,M,25
44,M,45
45,F,45
46,M,18
47,M,18
48,M,25
49,M,18
50,F,25
51,F,1
52,M,18
53,M,25
54,M,50
55,F,35
56,M,35
57,M,18
58,M,25
59,F,50
60,M,50
61,M,25
62,F,35
63,M,18
64,M,18
65,M,35
66,M,25
67,F,50
68,M,18
69,F,25
70,M,18
71,M,25
72,F,45
73,M,18
74,M,35
75,F,1
76,M,35
77,M,18
78,F,45
79,F,45
80,M,56
81,F,25
82,M,25
83,F,25
84,M,18
85,M,18
86,F,1
87,M,25
88,F,45
89,F,56
90,M,56
91,M,35
92,F,18
93,M,25
94,M,25
95,M,45
96,F,25
97,F,35
98,F,35
99,F,1
100,M,35
101,F,18
102,M,35
103,M,45
104,M,25
105,M,45
106,F,35
107,M,45
108,M,25
109,M,45
110,M,25
111,M,35
112,M,25
113,M,18
114,F,25
115,M,25
116,M,25
117,M,25
118,M,35
119,F,1
120,M,25
121,M,35
122,F,18
123,M,35
124,M,56
125,M,45
126,M,18
127,F,45
128,M,56
129,M,25
130,M,35
131,M,18
132,M,25
133,F,25
134,M,25
135,M,18
136,M,18
137,F,45
138,M,18
139,F,25
140,F,35
141,M,35
142,M,25
143,M,18
144,M,25
145,M,18
146,F,35
147,M,18
148,M,50
149,M,25
150,M,35
151,F,25
152,M,18
153,M,1
154,M,50
155,M,35
156,F,45
157,M,35
158,M,56
159,F,45
160,M,35
161,M,45
162,F,18
163,M,18
164,F,56
165,M,18
166,M,18
167,F,25
168,F,50
169,M,25
170,M,25
171,F,50
172,M,25
173,M,25
174,M,25
175,F,25
176,F,18
177,M,50
178,M,56
179,M,25
180,M,45
181,M,18
182,M,18
183,F,45
184,F,25
185,M,45
186,M,18
187,F,45
188,M,56
189,M,18
190,M,25
191,M,18
192,M,18
193,F,45
194,F,1
195,M,25
196,F,35
197,M,18
198,M,25
199,M,18
200,F,18
201,F,35
202,M,18
203,F,18
204,M,25
205,M,35
206,M,25
207,M,25
208,M,35
209,M,35
210,F,1
211,M,45
212,M,25
213,F,18
214,M,18
215,M,35
216,M,45
217,M,18
218,M,35
219,F,25
220,M,25
221,F,25
222,M,25
223,M,25
224,F,18
225,M,25
226,M,35
227,M,35
228,M,25
229,M,18
230,M,45
231,M,25
232,M,25
233,F,45
234,M,35
235,M,25
236,M,25
237,M,25
238,F,50
239,M,18
240,M,50
241,M,35
242,F,18
243,M,25
244,M,50
245,M,35
246,F,18
247,M,25
248,M,18
249,F,18
250,M,35
251,M,56
252,M,25
253,F,25
254,M,35
255,M,35
256,M,45
257,M,18
258,M,25
259,M,25
260,M,18
261,M,25
262,F,25
263,F,25
264,M,35
265,F,35
266,M,35
267,M,45
268,F,18
269,M,25
270,M,50
271,M,18
272,M,18
273,M,18
274,M,18
275,M,25
276,M,45
277,F,35
278,M,45
279,M,25
280,M,50
281,F,35
282,M,25
283,M,25
284,M,25
285,F,35
286,M,25
287,M,50
288,F,25
289,F,25
290,F,25
291,M,35
292,M,35
293,M,56
294,F,45
295,M,18
296,M,50
297,M,18
298,F,18
299,M,25
300,M,25
301,M,18
302,M,18
303,M,25
304,M,25
305,F,18
306,M,18
307,M,50
308,M,25
309,M,25
310,F,18
311,M,18
312,F,50
313,F,18
314,F,56
315,F,56
316,M,56
317,M,35
318,F,56
319,F,50
320,M,35
321,M,18
322,M,56
323,M,45
324,M,35
325,F,50
326,M,50
327,M,35
328,M,35
329,M,35
330,M,56
331,M,25
332,M,50
333,M,35
334,F,56
335,M,35
336,M,18
337,M,18
338,M,35
339,M,50
340,F,25
341,F,56
342,M,18
343,F,35
344,M,35
345,M,25
346,F,25
347,F,56
348,M,50
349,M,1
350,M,45
351,M,18
352,M,18
353,F,35
354,M,35
355,M,18
356,M,56
357,M,18
358,F,56
359,M,25
360,M,35
361,F,25
362,M,35
363,M,18
364,F,35
365,F,18
366,M,50
367,M,50
368,M,25
369,M,35
370,M,18
371,M,18
372,F,18
373,F,25
374,F,35
375,M,25
376,M,35
377,M,25
378,F,18
379,F,35
380,M,25
381,M,35
382,F,35
383,F,25
384,M,25
385,M,25
386,M,25
387,F,35
388,F,25
389,M,25
390,M,25
391,M,45
392,M,18
393,M,35
394,M,18
395,M,18
396,M,25
397,M,35
398,M,25
399,F,35
400,F,18
401,M,18
402,M,25
403,M,18
404,M,18
405,M,56
406,M,25
407,M,18
408,M,25
409,M,18
410,F,25
411,F,45
412,M,35
413,M,25
414,M,25
415,F,35
416,M,45
417,F,25
418,F,25
419,M,18
420,M,35
421,F,45
422,M,56
423,M,18
424,M,25
425,M,25
426,M,18
427,M,35
428,F,18
429,M,18
430,F,18
431,M,18
432,M,45
433,M,50
434,F,45
435,M,25
436,M,18
437,M,35
438,M,18
439,M,35
440,M,56
441,M,35
442,M,25
443,M,25
444,M,56
445,M,45
446,F,50
447,F,45
448,M,25
449,M,25
450,M,45
451,M,56
452,M,50
453,M,18
454,M,25
455,F,35
456,M,35
457,M,18
458,M,50
459,F,18
460,M,45
461,M,50
462,M,18
463,M,25
464,F,18
465,M,18
466,M,25
467,F,35
468,F,1
469,M,35
470,F,1
471,M,35
472,M,35
473,F,18
474,M,25
475,F,25
476,M,35
477,M,35
478,M,50
479,M,25
480,F,18
481,M,45
482,M,25
483,M,18
484,F,1
485,M,56
486,M,56
487,F,35
488,M,25
489,M,18
490,M,1
491,M,18
492,M,25
493,M,50
494,F,35
495,M,18
496,M,18
497,F,25
498,M,35
499,F,25
500,F,18
501,M,25
502,M,35
503,M,35
504,M,25
505,M,35
506,M,25
507,F,25
508,M,25
509,M,25
510,M,18
511,F,45
512,M,35
513,M,25
514,M,25
515,M,25
516,F,56
517,F,25
518,F,35
519,F,35
520,F,35
521,M,56
522,M,25
523,M,50
524,M,18
525,M,35
526,M,45
527,F,25
528,F,18
529,M,35
530,M,25
531,F,18
532,M,25
533,M,25
534,M,25
535,M,35
536,M,25
537,M,45
538,M,56
539,M,25
540,M,18
541,F,18
542,M,18
543,M,25
544,M,35
545,M,35
546,F,25
547,M,35
548,F,35
549,M,25
550,M,45
551,M,35
552,M,50
553,M,25
554,M,25
555,M,18
556,F,25
557,M,56
558,M,35
559,F,25
560,M,45
561,F,18
562,M,35
563,M,25
564,M,45
565,M,25
566,M,25
567,M,35
568,F,50
569,F,18
570,M,25
571,M,50
572,M,18
573,F,35
574,M,25
575,M,25
576,F,45
577,M,35
578,M,18
579,M,25
580,M,1
581,M,50
582,M,18
583,F,25
584,F,25
585,M,18
586,M,35
587,M,25
588,F,25
589,M,18
590,F,35
591,M,25
592,M,18
593,F,50
594,F,56
595,M,25
596,F,25
597,M,35
598,M,35
599,M,50
600,M,35
601,F,18
602,F,56
603,F,25
604,M,45
605,F,18
606,F,1
607,M,25
608,M,18
609,M,25
610,M,25
611,M,35
612,M,50
613,M,35
614,M,35
615,M,50
616,M,25
617,F,25
618,M,25
619,F,18
620,M,18
621,M,18
622,M,25
623,M,25
624,M,25
625,F,35
626,M,18
627,M,50
628,F,35
629,F,1
630,F,35
631,M,35
632,M,45
633,M,25
634,F,1
635,M,56
636,M,18
637,M,35
638,M,25
639,M,45
640,M,18
641,F,35
642,F,35
643,M,25
644,M,25
645,M,35
646,M,35
647,M,35
648,F,25
649,M,25
650,M,25
651,M,35
652,M,18
653,M,56
654,M,50
655,F,25
656,F,45
657,F,50
658,F,25
659,F,25
660,M,45
661,M,45
662,M,18
663,F,25
664,M,35
665,M,18
666,F,18
667,M,25
668,F,25
669,M,25
670,M,25
671,M,18
672,M,35
673,M,25
674,M,25
675,M,25
676,M,18
677,M,50
678,M,25
679,M,35
680,M,25
681,M,35
682,M,25
683,M,25
684,M,25
685,M,25
686,M,18
687,F,25
688,M,56
689,F,50
690,M,25
691,M,35
692,F,25
693,M,35
694,M,18
695,F,18
696,M,25
697,F,50
698,M,18
699,M,18
700,M,50
701,F,18
702,M,35
703,F,56
704,F,35
705,M,25
706,M,35
707,M,35
708,M,25
709,M,18
710,M,25
711,M,25
712,M,25
713,M,35
714,M,18
715,M,18
716,M,18
717,M,25
718,M,18
719,M,1
720,M,18
721,F,35
722,M,25
723,M,25
724,M,50
725,M,56
726,F,25
727,M,35
728,M,25
729,M,35
730,M,25
731,M,45
732,M,25
733,M,35
734,M,25
735,M,25
736,M,18
737,M,1
738,M,18
739,M,35
740,M,25
741,M,25
742,M,18
743,F,1
744,M,25
745,M,1
746,F,18
747,M,18
748,M,25
749,M,35
750,F,35
751,F,25
752,F,25
753,M,1
754,M,35
755,F,35
756,M,35
757,M,25
758,M,35
759,F,56
760,M,56
761,M,18
762,M,1
763,M,18
764,M,18
765,M,25
766,F,25
767,M,25
768,M,25
769,M,45
770,M,18
771,F,50
772,M,18
773,M,25
774,M,18
775,M,1
776,F,25
777,M,18
778,M,18
779,M,25
780,M,25
781,M,18
782,M,56
783,M,25
784,M,18
785,M,18
786,M,25
787,M,18
788,M,25
789,M,18
790,M,25
791,M,35
792,M,25
793,F,35
794,M,50
795,F,35
796,M,50
797,F,50
798,F,25
799,F,25
800,F,35
801,F,25
802,M,25
803,M,18
804,M,25
805,M,35
806,M,35
807,M,18
808,M,25
809,M,25
810,M,25
811,M,50
812,M,25
813,M,18
814,F,18
815,M,25
816,M,45
817,M,18
818,M,18
819,M,35
820,M,35
821,M,18
822,F,25
823,M,25
824,M,35
825,M,56
826,F,35
827,M,45
828,M,18
829,M,1
830,M,35
831,F,45
832,M,18
833,M,35
834,F,35
835,M,56
836,M,25
837,M,56
838,M,50
839,M,25
840,F,25
841,F,50
842,F,18
843,M,25
844,M,25
845,F,18
846,M,25
847,F,25
848,M,25
849,M,25
850,M,35
851,M,18
852,M,25
853,M,25
854,F,25
855,F,18
856,F,45
857,M,35
858,M,35
859,M,25
860,M,18
861,M,25
862,M,35
863,M,25
864,F,25
865,M,35
866,M,1
867,M,45
868,M,50
869,M,18
870,F,25
871,M,1
872,M,50
873,M,56
874,M,45
875,M,1
876,M,25
877,M,25
878,M,18
879,M,45
880,M,35
881,M,18
882,M,18
883,F,35
884,M,1
885,M,35
886,F,56
887,F,56
888,F,1
889,M,45
890,M,18
891,M,25
892,M,35
893,F,50
894,M,18
895,M,50
896,M,18
897,M,25
898,M,25
899,F,25
900,F,56
901,F,56
902,M,56
903,M,56
904,M,35
905,F,45
906,M,1
907,F,45
908,F,50
909,M,45
910,F,50
911,M,50
912,F,35
913,M,25
914,F,35
915,M,25
916,F,25
917,M,50
918,F,45
919,F,35
920,M,18
921,M,25
922,M,56
923,M,25
924,M,50
925,F,35
926,M,1
927,F,25
928,F,56
929,M,25
930,M,25
931,F,56
932,F,35
933,M,45
934,F,35
935,M,35
936,M,18
937,M,25
938,F,25
939,F,25
940,M,1
941,M,18
942,F,50
943,F,45
944,M,35
945,M,45
946,M,35
947,M,18
948,M,56
949,M,50
950,M,35
951,M,45
952,M,56
953,M,50
954,F,25
955,F,50
956,M,35
957,M,35
958,M,35
959,M,50
960,M,1
961,M,18
962,F,25
963,M,25
964,M,25
965,M,56
966,M,56
967,F,18
968,M,50
969,F,25
970,M,25
971,M,25
972,M,45
973,F,25
974,M,35
975,M,35
976,M,35
977,M,25
978,M,18
979,M,1
980,M,25
981,M,25
982,F,25
983,F,25
984,M,50
985,M,25
986,F,56
987,F,35
988,M,50
989,M,50
990,M,18
991,F,25
992,F,35
993,M,25
994,M,18
995,F,18
996,M,25
997,M,1
998,M,45
999,M,25
1000,F,25
1001,M,25
1002,M,50
1003,M,25
1004,M,25
1005,M,35
1006,M,18
1007,M,50
1008,M,35
1009,M,50
1010,M,25
1011,M,25
1012,F,35
1013,M,56
1014,F,45
1015,M,35
1016,M,56
1017,M,35
1018,M,18
1019,M,35
1020,M,18
1021,M,35
1022,M,25
1023,M,56
1024,F,35
1025,M,25
1026,F,45
1027,M,18
1028,F,45
1029,M,25
1030,M,25
1031,M,35
1032,M,50
1033,M,25
1034,F,35
1035,M,18
1036,M,35
1037,M,45
1038,F,56
1039,F,35
1040,M,25
1041,M,45
1042,M,35
1043,F,50
1044,M,25
1045,F,1
1046,M,56
1047,M,18
1048,M,35
1049,M,45
1050,M,25
1051,F,25
1052,F,35
1053,M,35
1054,M,1
1055,M,35
1056,M,1
1057,M,45
1058,M,25
1059,F,25
1060,M,18
1061,M,45
1062,M,50
1063,M,35
1064,M,25
1065,F,25
1066,M,45
1067,M,35
1068,F,18
1069,M,25
1070,F,45
1071,M,50
1072,F,35
1073,F,25
1074,M,45
1075,F,25
1076,F,25
1077,M,25
1078,F,45
1079,M,25
1080,M,56
1081,M,18
1082,M,45
1083,M,56
1084,M,1
1085,M,25
1086,M,18
1087,M,25
1088,F,1
1089,M,35
1090,M,25
1091,M,18
1092,F,18
1093,M,50
1094,F,18
1095,F,56
1096,M,1
1097,M,18
1098,M,35
1099,M,25
1100,M,25
1101,M,35
1102,M,18
1103,F,45
1104,M,35
1105,M,35
1106,M,18
1107,F,50
1108,M,56
1109,M,18
1110,F,56
1111,F,50
1112,M,18
1113,M,18
1114,F,18
1115,F,25
1116,M,25
1117,M,18
1118,M,50
1119,M,35
1120,M,18
1121,M,56
1122,M,56
1123,M,50
1124,M,25
1125,F,18
1126,M,56
1127,M,25
1128,M,25
1129,M,35
1130,M,18
1131,M,56
1132,M,18
1133,M,18
1134,M,18
1135,M,50
1136,F,35
1137,M,18
1138,M,18
1139,M,25
1140,F,45
1141,F,25
1142,M,18
1143,M,50
1144,M,25
1145,M,50
1146,F,18
1147,M,25
1148,M,35
1149,M,25
1150,F,25
1151,M,25
1152,M,18
1153,M,18
1154,F,1
1155,M,25
1156,F,50
1157,M,45
1158,F,35
1159,M,18
1160,M,18
1161,M,25
1162,F,35
1163,M,1
1164,F,25
1165,M,25
1166,M,56
1167,F,50
1168,F,25
1169,M,25
1170,M,56
1171,M,45
1172,F,25
1173,F,25
1174,F,18
1175,F,25
1176,M,56
1177,F,25
1178,M,56
1179,M,50
1180,F,50
1181,M,35
1182,M,1
1183,M,35
1184,F,25
1185,F,35
1186,M,18
1187,F,1
1188,M,45
1189,M,25
1190,M,45
1191,F,35
1192,M,50
1193,M,25
1194,F,25
1195,F,1
1196,F,18
1197,M,35
1198,M,1
1199,M,50
1200,M,1
1201,M,18
1202,M,35
1203,F,25
1204,M,25
1205,F,56
1206,F,50
1207,M,50
1208,M,25
1209,M,35
1210,M,25
1211,M,18
1212,F,50
1213,M,50
1214,M,56
1215,M,35
1216,M,25
1217,M,25
1218,M,56
1219,M,25
1220,M,1
1221,M,18
1222,M,35
1223,M,25
1224,M,50
1225,M,45
1226,M,18
1227,M,50
1228,M,25
1229,F,25
1230,M,25
1231,M,25
1232,F,18
1233,F,45
1234,M,18
1235,F,25
1236,F,25
1237,M,18
1238,F,35
1239,F,25
1240,F,18
1241,M,1
1242,F,35
1243,M,35
1244,M,25
1245,M,25
1246,M,18
1247,M,35
1248,F,35
1249,M,35
1250,M,50
1251,M,25
1252,M,56
1253,F,35
1254,F,18
1255,M,25
1256,M,25
1257,F,18
1258,M,45
1259,M,35
1260,M,25
1261,M,18
1262,M,25
1263,M,1
1264,M,25
1265,F,18
1266,M,25
1267,M,25
1268,M,50
1269,F,56
1270,M,25
1271,F,45
1272,M,18
1273,M,35
1274,M,45
1275,M,50
1276,M,35
1277,F,18
1278,M,18
1279,M,35
1280,M,1
1281,M,25
1282,M,50
1283,F,18
1284,M,45
1285,M,35
1286,M,35
1287,F,50
1288,F,35
1289,M,45
1290,M,35
1291,F,35
1292,M,25
1293,M,25
1294,F,50
1295,F,35
1296,M,1
1297,M,25
1298,M,35
1299,M,25
1300,M,1
1301,F,25
1302,M,18
1303,M,25
1304,M,25
1305,M,45
1306,M,25
1307,M,56
1308,M,1
1309,M,25
1310,M,45
1311,M,18
1312,M,25
1313,M,18
1314,F,18
1315,M,35
1316,M,50
1317,M,45
1318,M,18
1319,F,25
1320,M,25
1321,F,25
1322,M,56
1323,F,35
1324,M,35
1325,M,25
1326,F,25
1327,M,1
1328,M,35
1329,M,18
1330,M,56
1331,M,45
1332,M,25
1333,M,25
1334,M,50
1335,M,35
1336,F,50
1337,M,56
1338,M,25
1339,M,35
1340,M,25
1341,M,18
1342,M,35
1343,M,35
1344,F,25
1345,F,25
1346,M,35
1347,F,18
1348,F,1
1349,M,50
1350,F,35
1351,F,25
1352,M,35
1353,M,1
1354,F,25
1355,F,45
1356,F,18
1357,M,45
1358,M,35
1359,M,35
1360,M,25
1361,F,25
1362,M,35
1363,M,50
1364,F,45
1365,F,1
1366,M,1
1367,M,25
1368,F,25
1369,M,25
1370,M,35
1371,F,50
1372,M,1
1373,F,25
1374,M,50
1375,F,45
1376,F,45
1377,M,35
1378,F,45
1379,F,56
1380,M,1
1381,M,18
1382,F,45
1383,F,25
1384,M,18
1385,F,25
1386,F,25
1387,F,50
1388,M,56
1389,M,25
1390,M,35
1391,M,35
1392,M,45
1393,M,18
1394,F,25
1395,M,25
1396,F,25
1397,M,35
1398,F,56
1399,M,18
1400,M,25
1401,F,18
1402,M,18
1403,F,25
1404,M,50
1405,M,56
1406,M,25
1407,F,35
1408,M,25
1409,M,18
1410,M,50
1411,M,35
1412,M,25
1413,M,18
1414,M,18
1415,M,45
1416,M,25
1417,M,35
1418,M,18
1419,F,25
1420,M,18
1421,F,1
1422,M,35
1423,M,25
1424,M,35
1425,M,1
1426,M,18
1427,M,25
1428,F,45
1429,F,35
1430,M,18
1431,M,56
1432,M,35
1433,F,18
1434,F,1
1435,M,25
1436,F,50
1437,M,50
1438,M,18
1439,M,35
1440,M,35
1441,M,35
1442,M,18
1443,M,35
1444,F,25
1445,M,25
1446,M,35
1447,M,18
1448,F,25
1449,M,35
1450,M,18
1451,M,35
1452,F,56
1453,M,25
1454,M,18
1455,F,45
1456,M,25
1457,M,25
1458,M,1
1459,F,25
1460,F,18
1461,F,45
1462,M,35
1463,M,50
1464,M,35
1465,M,50
1466,M,18
1467,M,25
1468,M,1
1469,M,56
1470,M,18
1471,M,25
1472,M,25
1473,M,25
1474,M,25
1475,F,25
1476,F,18
1477,F,45
1478,M,1
1479,F,50
1480,M,25
1481,M,35
1482,M,25
1483,M,18
1484,M,25
1485,F,25
1486,M,25
1487,M,35
1488,M,25
1489,F,35
1490,M,50
1491,M,18
1492,M,25
1493,F,25
1494,M,25
1495,M,18
1496,M,25
1497,M,50
1498,M,18
1499,M,1
1500,M,25
1501,M,25
1502,M,18
1503,M,25
1504,M,18
1505,M,50
1506,M,25
1507,M,35
1508,F,1
1509,M,1
1510,F,25
1511,M,35
1512,M,25
1513,F,35
1514,M,18
1515,M,25
1516,F,25
1517,M,18
1518,M,25
1519,M,18
1520,M,25
1521,F,25
1522,M,35
1523,M,25
1524,M,18
1525,F,25
1526,M,56
1527,M,18
1528,M,25
1529,M,18
1530,M,25
1531,M,45
1532,M,18
1533,M,45
1534,M,50
1535,F,18
1536,F,35
1537,M,18
1538,M,25
1539,M,25
1540,M,45
1541,M,56
1542,M,18
1543,M,25
1544,M,25
1545,M,25
1546,M,25
1547,M,56
1548,M,35
1549,M,35
1550,M,18
1551,M,25
1552,M,45
1553,F,25
1554,F,35
1555,F,18
1556,M,18
1557,F,18
1558,M,18
1559,M,35
1560,F,25
1561,F,18
1562,M,18
1563,F,1
1564,M,50
1565,M,45
1566,M,35
1567,M,25
1568,F,1
1569,F,56
1570,M,18
1571,M,25
1572,F,25
1573,M,1
1574,M,25
1575,F,50
1576,F,45
1577,M,56
1578,M,18
1579,M,25
1580,F,18
1581,F,18
1582,M,18
1583,M,35
1584,M,25
1585,M,56
1586,M,45
1587,F,25
1588,M,25
1589,M,25
1590,M,35
1591,M,50
1592,M,35
1593,M,25
1594,F,35
1595,M,35
1596,F,18
1597,M,25
1598,M,35
1599,M,25
1600,M,35
1601,M,25
1602,F,25
1603,F,25
1604,M,25
1605,F,18
1606,F,35
1607,M,45
1608,M,25
1609,F,35
1610,M,25
1611,M,25
1612,M,25
1613,M,18
1614,M,35
1615,F,45
1616,M,25
1617,M,25
1618,M,50
1619,M,50
1620,M,25
1621,M,25
1622,M,18
1623,M,50
1624,M,25
1625,M,45
1626,M,18
1627,M,18
1628,M,18
1629,M,18
1630,M,45
1631,F,50
1632,M,25
1633,F,45
1634,F,56
1635,M,25
1636,F,25
1637,M,56
1638,F,18
1639,M,25
1640,M,35
1641,M,25
1642,M,50
1643,M,45
1644,M,18
1645,F,18
1646,M,25
1647,M,18
1648,M,50
1649,M,18
1650,M,25
1651,M,25
1652,M,25
1653,M,18
1654,F,45
1655,M,18
1656,M,25
1657,F,45
1658,F,35
1659,F,18
1660,F,25
1661,M,35
1662,M,25
1663,M,18
1664,F,18
1665,M,45
1666,M,25
1667,M,50
1668,M,35
1669,F,25
1670,F,56
1671,M,35
1672,M,25
1673,M,1
1674,M,35
1675,F,25
1676,M,18
1677,M,18
1678,F,18
1679,M,25
1680,M,25
1681,M,18
1682,M,25
1683,F,25
1684,M,18
1685,M,35
1686,M,35
1687,M,25
1688,F,18
1689,M,35
1690,M,35
1691,F,25
1692,M,35
1693,M,25
1694,M,25
1695,M,25
1696,M,35
1697,F,18
1698,M,35
1699,F,25
1700,M,25
1701,F,25
1702,M,18
1703,M,18
1704,M,25
1705,F,18
1706,M,25
1707,M,50
1708,M,25
1709,M,25
1710,M,18
1711,F,18
1712,M,25
1713,M,25
1714,M,25
1715,M,25
1716,M,25
1717,F,50
1718,M,18
1719,M,18
1720,M,18
1721,M,18
1722,M,35
1723,M,35
1724,M,18
1725,M,18
1726,M,25
1727,M,35
1728,M,18
1729,M,25
1730,F,18
1731,F,18
1732,M,18
1733,M,18
1734,M,45
1735,M,18
1736,M,56
1737,M,35
1738,M,35
1739,M,56
1740,M,56
1741,M,35
1742,M,25
1743,M,35
1744,M,35
1745,M,45
1746,M,25
1747,M,25
1748,M,50
1749,M,25
1750,M,50
1751,M,35
1752,M,25
1753,M,35
1754,M,18
1755,F,18
1756,F,25
1757,M,25
1758,F,25
1759,M,25
1760,F,25
1761,M,35
1762,M,25
1763,M,35
1764,M,18
1765,M,18
1766,F,45
1767,M,25
1768,M,45
1769,M,25
1770,M,35
1771,M,25
1772,M,56
1773,M,18
1774,M,25
1775,M,25
1776,M,25
1777,M,25
1778,M,18
1779,M,18
1780,M,35
1781,F,35
1782,M,45
1783,M,18
1784,M,18
1785,M,18
1786,M,45
1787,M,18
1788,M,45
1789,M,1
1790,M,25
1791,M,18
1792,F,25
1793,M,25
1794,M,25
1795,M,18
1796,M,50
1797,M,35
1798,M,45
1799,M,35
1800,M,18
1801,F,25
1802,M,18
1803,M,25
1804,M,25
1805,M,18
1806,M,18
1807,M,18
1808,F,18
1809,F,25
1810,M,50
1811,M,56
1812,F,25
1813,F,35
1814,M,50
1815,M,1
1816,F,35
1817,M,35
1818,M,1
1819,F,35
1820,M,25
1821,M,25
1822,F,25
1823,F,35
1824,F,18
1825,M,25
1826,M,45
1827,F,25
1828,M,18
1829,M,25
1830,M,18
1831,M,18
1832,F,18
1833,M,18
1834,M,35
1835,M,25
1836,M,25
1837,M,25
1838,M,35
1839,M,18
1840,M,25
1841,M,18
1842,M,18
1843,M,25
1844,F,18
1845,M,25
1846,M,45
1847,M,18
1848,M,35
1849,M,35
1850,M,18
1851,M,25
1852,M,25
1853,M,50
1854,M,25
1855,M,18
1856,M,56
1857,M,1
1858,F,18
1859,F,25
1860,M,56
1861,M,50
1862,M,50
1863,M,18
1864,M,35
1865,F,18
1866,M,25
1867,M,50
1868,M,50
1869,M,45
1870,M,56
1871,F,45
1872,M,50
1873,M,35
1874,M,45
1875,M,35
1876,M,25
1877,F,45
1878,M,1
1879,M,25
1880,M,35
1881,M,35
1882,M,35
1883,F,50
1884,M,45
1885,M,50
1886,M,25
1887,M,56
1888,M,35
1889,M,18
1890,M,50
1891,M,45
1892,M,25
1893,F,35
1894,F,35
1895,M,35
1896,M,56
1897,F,50
1898,M,25
1899,F,45
1900,M,56
1901,M,50
1902,M,25
1903,M,35
1904,M,18
1905,F,35
1906,F,25
1907,M,35
1908,M,56
1909,M,18
1910,M,1
1911,F,18
1912,M,25
1913,M,25
1914,F,35
1915,M,50
1916,M,45
1917,M,18
1918,F,45
1919,M,1
1920,F,35
1921,M,56
1922,F,25
1923,M,35
1924,F,56
1925,M,50
1926,F,1
1927,M,35
1928,M,1
1929,F,1
1930,M,25
1931,M,25
1932,M,25
1933,M,18
1934,M,25
1935,M,1
1936,M,35
1937,M,25
1938,F,25
1939,F,35
1940,M,25
1941,M,35
1942,M,35
1943,M,18
1944,F,18
1945,M,25
1946,M,25
1947,M,25
1948,M,1
1949,M,18
1950,M,25
1951,F,18
1952,M,35
1953,F,25
1954,M,25
1955,M,1
1956,M,35
1957,F,18
1958,F,25
1959,F,50
1960,M,45
1961,F,50
1962,F,18
1963,F,50
1964,F,25
1965,M,56
1966,M,25
1967,M,50
1968,M,25
1969,F,25
1970,M,50
1971,F,25
1972,M,45
1973,M,25
1974,M,35
1975,M,18
1976,M,35
1977,M,56
1978,M,1
1979,M,56
1980,M,35
1981,M,56
1982,M,1
1983,M,25
1984,M,18
1985,M,45
1986,M,50
1987,M,25
1988,F,25
1989,M,50
1990,M,25
1991,M,25
1992,M,18
1993,M,35
1994,M,35
1995,M,25
1996,M,35
1997,M,25
1998,F,50
1999,F,35
2000,M,18
2001,M,50
2002,F,56
2003,M,1
2004,M,45
2005,M,18
2006,M,35
2007,M,50
2008,M,25
2009,F,35
2010,M,18
2011,F,35
2012,M,25
2013,M,45
2014,M,18
2015,M,18
2016,F,56
2017,M,25
2018,M,35
2019,M,50
2020,M,25
2021,M,25
2022,M,25
2023,M,18
2024,M,1
2025,M,56
2026,M,50
2027,F,25
2028,M,45
2029,F,25
2030,M,25
2031,M,35
2032,M,50
2033,F,45
2034,F,45
2035,F,18
2036,F,25
2037,M,56
2038,F,45
2039,M,50
2040,F,25
2041,F,25
2042,M,1
2043,M,25
2044,F,45
2045,F,1
2046,M,35
2047,M,1
2048,M,50
2049,F,50
2050,F,35
2051,M,35
2052,M,1
2053,M,45
2054,M,25
2055,M,50
2056,M,25
2057,M,35
2058,F,56
2059,M,35
2060,M,1
2061,M,56
2062,M,18
2063,M,25
2064,M,35
2065,M,25
2066,F,25
2067,M,50
2068,F,35
2069,M,56
2070,F,35
2071,M,45
2072,F,50
2073,F,18
2074,M,18
2075,F,25
2076,M,18
2077,M,18
2078,M,18
2079,M,1
2080,M,25
2081,M,18
2082,M,1
2083,M,18
2084,M,18
2085,M,18
2086,M,35
2087,M,25
2088,M,50
2089,M,35
2090,M,35
2091,F,35
2092,M,56
2093,M,18
2094,M,35
2095,M,56
2096,F,25
2097,M,18
2098,M,35
2099,F,18
2100,F,25
2101,M,25
2102,M,25
2103,M,35
2104,M,45
2105,M,25
2106,F,18
2107,M,25
2108,M,1
2109,M,25
2110,M,50
2111,M,56
2112,F,45
2113,M,25
2114,M,18
2115,M,35
2116,M,18
2117,M,56
2118,M,25
2119,M,35
2120,M,1
2121,M,56
2122,M,35
2123,F,35
2124,M,25
2125,M,35
2126,M,56
2127,M,18
2128,F,45
2129,M,25
2130,M,45
2131,M,25
2132,M,56
2133,F,1
2134,M,18
2135,M,50
2136,M,35
2137,F,1
2138,F,18
2139,F,50
2140,M,45
2141,F,50
2142,F,45
2143,M,18
2144,M,18
2145,M,18
2146,M,18
2147,F,18
2148,F,18
2149,M,25
2150,F,18
2151,M,56
2152,M,18
2153,M,18
2154,M,25
2155,F,1
2156,M,18
2157,F,18
2158,M,25
2159,F,50
2160,F,18
2161,F,35
2162,F,1
2163,M,18
2164,M,35
2165,M,25
2166,M,1
2167,F,25
2168,M,1
2169,M,1
2170,F,50
2171,M,35
2172,M,18
2173,M,50
2174,M,50
2175,M,25
2176,M,1
2177,F,35
2178,M,45
2179,F,25
2180,M,25
2181,M,25
2182,F,25
2183,F,56
2184,M,18
2185,M,45
2186,M,18
2187,M,45
2188,F,18
2189,M,1
2190,F,25
2191,M,18
2192,F,25
2193,M,1
2194,M,25
2195,M,1
2196,M,25
2197,F,25
2198,F,35
2199,M,1
2200,M,35
2201,M,56
2202,F,1
2203,M,45
2204,M,56
2205,F,25
2206,M,45
2207,M,18
2208,M,25
2209,M,35
2210,M,45
2211,M,45
2212,M,18
2213,F,25
2214,F,25
2215,F,25
2216,F,25
2217,M,1
2218,M,35
2219,M,25
2220,F,50
2221,M,56
2222,F,45
2223,M,25
2224,M,25
2225,M,25
2226,F,25
2227,M,50
2228,M,25
2229,M,45
2230,F,45
2231,M,50
2232,M,25
2233,F,35
2234,M,56
2235,M,1
2236,M,1
2237,F,35
2238,F,25
2239,M,18
2240,M,45
2241,M,45
2242,M,18
2243,M,45
2244,M,1
2245,M,1
2246,M,25
2247,M,45
2248,F,35
2249,M,25
2250,M,18
2251,M,35
2252,F,18
2253,F,50
2254,M,35
2255,F,35
2256,F,45
2257,F,18
2258,F,18
2259,F,56
2260,F,25
2261,M,25
2262,M,45
2263,M,25
2264,F,45
2265,M,56
2266,F,50
2267,F,56
2268,F,35
2269,F,45
2270,M,18
2271,M,50
2272,M,25
2273,M,25
2274,M,18
2275,M,56
2276,M,56
2277,F,45
2278,M,50
2279,M,50
2280,M,56
2281,M,45
2282,M,50
2283,M,35
2284,M,25
2285,F,1
2286,M,35
2287,M,56
2288,M,1
2289,F,50
2290,M,25
2291,M,45
2292,M,50
2293,F,56
2294,M,56
2295,M,45
2296,F,25
2297,M,56
2298,M,35
2299,F,18
2300,M,56
2301,F,25
2302,M,50
2303,M,50
2304,M,45
2305,M,50
2306,F,18
2307,M,25
2308,F,45
2309,F,45
2310,M,45
2311,F,25
2312,M,45
2313,F,50
2314,F,25
2315,M,56
2316,M,35
2317,F,45
2318,M,56
2319,M,35
2320,F,50
2321,M,25
2322,F,56
2323,M,35
2324,M,35
2325,F,18
2326,M,18
2327,M,18
2328,M,56
2329,F,56
2330,M,45
2331,M,56
2332,M,56
2333,M,50
2334,F,56
2335,M,50
2336,M,35
2337,M,35
2338,M,45
2339,F,56
2340,M,35
2341,M,56
2342,M,35
2343,F,45
2344,M,25
2345,M,35
2346,F,1
2347,M,35
2348,M,50
2349,M,25
2350,M,18
2351,F,25
2352,M,50
2353,F,35
2354,M,35
2355,F,45
2356,F,50
2357,F,35
2358,F,56
2359,M,56
2360,M,50
2361,M,56
2362,M,25
2363,M,50
2364,F,56
2365,M,50
2366,F,45
2367,F,25
2368,F,56
2369,M,35
2370,M,50
2371,F,35
2372,F,45
2373,M,45
2374,M,25
2375,F,50
2376,M,25
2377,M,35
2378,M,25
2379,M,18
2380,M,25
2381,F,35
2382,M,50
2383,F,25
2384,M,35
2385,F,45
2386,F,25
2387,M,25
2388,M,56
2389,M,25
2390,F,25
2391,M,50
2392,F,56
2393,M,56
2394,M,35
2395,M,35
2396,F,18
2397,F,35
2398,M,25
2399,M,35
2400,F,25
2401,M,25
2402,M,45
2403,M,18
2404,M,18
2405,M,50
2406,F,56
2407,M,35
2408,F,45
2409,F,35
2410,M,56
2411,F,35
2412,M,56
2413,F,56
2414,M,25
2415,M,25
2416,M,45
2417,M,45
2418,F,1
2419,M,25
2420,M,50
2421,M,35
2422,F,50
2423,F,45
2424,M,25
2425,F,35
2426,M,56
2427,F,25
2428,M,45
2429,M,25
2430,M,25
2431,F,25
2432,M,25
2433,M,25
2434,M,25
2435,M,25
2436,M,25
2437,M,25
2438,M,35
2439,M,45
2440,M,50
2441,F,45
2442,M,35
2443,F,35
2444,F,45
2445,M,25
2446,M,18
2447,M,25
2448,M,35
2449,M,56
2450,M,45
2451,M,45
2452,M,45
2453,M,25
2454,M,18
2455,M,35
2456,M,25
2457,M,25
2458,M,25
2459,M,50
2460,F,50
2461,M,18
2462,M,35
2463,M,25
2464,F,18
2465,M,50
2466,M,25
2467,M,1
2468,M,50
2469,M,25
2470,M,35
2471,M,50
2472,M,25
2473,M,25
2474,M,25
2475,F,25
2476,M,50
2477,M,45
2478,M,50
2479,F,25
2480,F,18
2481,M,35
2482,F,50
2483,M,56
2484,M,45
2485,M,35
2486,M,18
2487,M,45
2488,F,45
2489,F,35
2490,M,25
2491,M,35
2492,F,45
2493,M,45
2494,M,18
2495,F,18
2496,M,50
2497,F,50
2498,M,56
2499,M,50
2500,M,56
2501,M,25
2502,M,56
2503,M,35
2504,M,25
2505,M,25
2506,F,25
2507,M,25
2508,F,35
2509,M,25
2510,M,25
2511,M,25
2512,F,45
2513,M,56
2514,M,56
2515,M,45
2516,F,45
2517,F,35
2518,M,25
2519,F,45
2520,F,56
2521,M,35
2522,M,18
2523,M,25
2524,F,56
2525,F,35
2526,M,56
2527,M,35
2528,M,56
2529,F,35
2530,M,18
2531,F,45
2532,F,56
2533,F,25
2534,F,50
2535,F,56
2536,M,56
2537,M,35
2538,M,56
2539,M,35
2540,F,45
2541,F,35
2542,F,45
2543,F,35
2544,M,45
2545,M,56
2546,F,56
2547,F,35
2548,F,35
2549,M,56
2550,M,50
2551,M,25
2552,F,25
2553,M,25
2554,M,25
2555,M,56
2556,M,25
2557,F,18
2558,M,56
2559,M,18
2560,F,45
2561,M,25
2562,M,18
2563,M,45
2564,F,35
2565,M,35
2566,M,35
2567,M,25
2568,M,25
2569,M,45
2570,F,56
2571,M,35
2572,M,35
2573,M,45
2574,M,50
2575,M,35
2576,M,18
2577,M,25
2578,M,50
2579,M,35
2580,F,45
2581,M,25
2582,F,25
2583,M,35
2584,F,56
2585,M,45
2586,M,25
2587,M,35
2588,F,56
2589,M,25
2590,M,18
2591,M,18
2592,M,50
2593,M,56
2594,M,35
2595,M,18
2596,M,50
2597,F,50
2598,M,25
2599,M,25
2600,M,25
2601,M,35
2602,M,45
2603,M,25
2604,M,25
2605,M,35
2606,M,50
2607,F,56
2608,F,25
2609,F,50
2610,M,45
2611,M,25
2612,F,45
2613,M,35
2614,M,25
2615,M,25
2616,M,35
2617,F,45
2618,F,18
2619,M,35
2620,M,18
2621,M,18
2622,F,35
2623,M,56
2624,F,35
2625,M,35
2626,M,56
2627,M,25
2628,F,25
2629,M,25
2630,F,18
2631,F,50
2632,M,56
2633,F,35
2634,M,56
2635,M,35
2636,M,18
2637,F,35
2638,M,25
2639,F,25
2640,M,35
2641,M,25
2642,M,25
2643,M,45
2644,M,18
2645,M,25
2646,M,45
2647,F,35
2648,M,25
2649,M,25
2650,M,45
2651,M,56
2652,M,35
2653,M,25
2654,F,35
2655,M,35
2656,M,56
2657,F,1
2658,M,25
2659,M,35
2660,M,56
2661,M,56
2662,M,25
2663,F,25
2664,M,35
2665,M,35
2666,M,45
2667,F,35
2668,F,25
2669,M,45
2670,M,35
2671,F,35
2672,M,35
2673,M,35
2674,M,25
2675,M,35
2676,M,56
2677,F,35
2678,M,25
2679,F,18
2680,M,25
2681,F,25
2682,M,18
2683,M,35
2684,F,18
2685,M,45
2686,M,25
2687,M,1
2688,M,25
2689,M,25
2690,M,25
2691,M,18
2692,F,18
2693,M,56
2694,M,18
2695,M,35
2696,M,25
2697,F,50
2698,F,25
2699,F,56
2700,M,25
2701,M,45
2702,M,45
2703,M,35
2704,M,56
2705,M,25
2706,F,25
2707,M,56
2708,M,25
2709,F,25
2710,M,35
2711,F,25
2712,F,18
2713,M,25
2714,M,18
2715,F,50
2716,F,50
2717,M,25
2718,F,25
2719,M,25
2720,M,35
2721,M,45
2722,M,35
2723,F,25
2724,F,45
2725,M,35
2726,M,45
2727,M,25
2728,M,35
2729,M,50
2730,M,35
2731,M,35
2732,M,45
2733,M,45
2734,F,18
2735,M,25
2736,M,45
2737,M,25
2738,F,50
2739,F,35
2740,M,45
2741,M,25
2742,M,25
2743,M,25
2744,M,18
2745,F,35
2746,M,50
2747,F,18
2748,M,25
2749,M,25
2750,F,25
2751,F,25
2752,M,25
2753,F,50
2754,M,50
2755,M,35
2756,M,18
2757,M,25
2758,M,56
2759,M,25
2760,M,56
2761,M,35
2762,M,50
2763,F,18
2764,M,25
2765,M,50
2766,M,45
2767,M,25
2768,M,25
2769,M,25
2770,M,35
2771,M,18
2772,M,35
2773,M,35
2774,M,25
2775,F,18
2776,M,25
2777,M,18
2778,M,56
2779,M,35
2780,M,25
2781,M,35
2782,F,18
2783,M,45
2784,M,50
2785,M,56
2786,M,25
2787,M,25
2788,M,56
2789,M,18
2790,M,25
2791,M,56
2792,M,18
2793,M,35
2794,M,25
2795,M,50
2796,M,25
2797,F,25
2798,M,35
2799,M,18
2800,F,18
2801,F,25
2802,M,35
2803,M,25
2804,F,35
2805,M,56
2806,M,1
2807,F,35
2808,M,56
2809,M,25
2810,F,1
2811,M,25
2812,M,25
2813,M,25
2814,M,35
2815,M,35
2816,M,25
2817,M,35
2818,M,25
2819,M,45
2820,F,35
2821,M,18
2822,M,50
2823,M,25
2824,M,18
2825,F,25
2826,M,35
2827,M,25
2828,M,18
2829,M,45
2830,M,35
2831,M,25
2832,M,25
2833,M,25
2834,M,35
2835,M,35
2836,M,25
2837,M,18
2838,M,18
2839,M,25
2840,M,25
2841,M,50
2842,M,35
2843,F,25
2844,M,25
2845,M,25
2846,F,18
2847,M,18
2848,M,25
2849,M,45
2850,M,18
2851,F,25
2852,M,25
2853,M,1
2854,F,18
2855,M,25
2856,M,35
2857,M,25
2858,F,1
2859,M,18
2860,M,35
2861,M,25
2862,M,45
2863,F,25
2864,F,35
2865,F,25
2866,M,25
2867,M,45
2868,M,35
2869,M,50
2870,M,50
2871,F,25
2872,M,25
2873,F,18
2874,F,35
2875,M,25
2876,M,25
2877,M,35
2878,F,50
2879,M,18
2880,M,18
2881,F,25
2882,M,18
2883,M,18
2884,F,50
2885,F,18
2886,M,18
2887,M,25
2888,M,25
2889,M,35
2890,M,35
2891,F,18
2892,M,25
2893,M,25
2894,M,18
2895,M,25
2896,M,18
2897,M,25
2898,M,18
2899,M,35
2900,M,18
2901,M,25
2902,M,25
2903,M,25
2904,M,25
2905,M,35
2906,M,35
2907,F,35
2908,M,18
2909,M,25
2910,M,1
2911,F,25
2912,F,18
2913,F,35
2914,M,25
2915,M,25
2916,M,45
2917,M,25
2918,M,25
2919,M,18
2920,M,25
2921,M,50
2922,M,25
2923,M,35
2924,F,18
2925,F,25
2926,F,18
2927,M,25
2928,M,25
2929,M,18
2930,M,50
2931,M,18
2932,M,25
2933,M,35
2934,F,35
2935,M,25
2936,F,18
2937,F,18
2938,F,25
2939,F,25
2940,M,25
2941,M,35
2942,F,50
2943,M,35
2944,F,18
2945,F,35
2946,M,35
2947,F,25
2948,M,18
2949,M,25
2950,M,18
2951,F,35
2952,M,25
2953,M,25
2954,M,18
2955,M,35
2956,M,25
2957,M,18
2958,M,25
2959,M,35
2960,M,18
2961,M,50
2962,M,35
2963,F,18
2964,M,25
2965,F,35
2966,F,25
2967,M,25
2968,F,18
2969,M,25
2970,M,18
2971,M,25
2972,M,25
2973,F,18
2974,M,18
2975,M,35
2976,M,18
2977,F,18
2978,M,35
2979,M,35
2980,M,45
2981,M,45
2982,M,25
2983,M,18
2984,M,25
2985,M,18
2986,M,25
2987,M,18
2988,F,18
2989,M,35
2990,M,35
2991,M,50
2992,M,18
2993,M,18
2994,M,35
2995,M,25
2996,M,18
2997,F,35
2998,F,25
2999,M,25
3000,M,25
3001,M,18
3002,M,45
3003,M,18
3004,F,18
3005,M,25
3006,M,18
3007,M,35
3008,M,18
3009,F,35
3010,M,25
3011,M,25
3012,M,25
3013,M,45
3014,M,35
3015,M,56
3016,M,18
3017,F,35
3018,M,35
3019,M,50
3020,F,35
3021,F,45
3022,M,25
3023,F,25
3024,M,35
3025,F,35
3026,F,18
3027,M,18
3028,M,1
3029,M,18
3030,M,35
3031,M,18
3032,M,25
3033,M,18
3034,F,18
3035,F,25
3036,M,56
3037,F,25
3038,F,35
3039,F,50
3040,M,25
3041,M,25
3042,M,56
3043,M,18
3044,M,35
3045,M,45
3046,M,1
3047,F,25
3048,M,18
3049,F,50
3050,M,35
3051,M,18
3052,M,35
3053,F,25
3054,M,18
3055,F,25
3056,M,25
3057,F,25
3058,M,18
3059,M,35
3060,F,35
3061,M,45
3062,M,18
3063,M,18
3064,M,35
3065,F,18
3066,M,18
3067,F,25
3068,F,35
3069,M,18
3070,F,18
3071,M,25
3072,M,50
3073,M,25
3074,M,25
3075,F,25
3076,M,35
3077,M,18
3078,F,35
3079,F,25
3080,M,25
3081,M,25
3082,F,35
3083,F,50
3084,M,25
3085,M,25
3086,M,18
3087,F,1
3088,F,25
3089,M,45
3090,M,25
3091,F,25
3092,M,35
3093,F,45
3094,M,35
3095,F,25
3096,F,45
3097,F,25
3098,M,25
3099,M,25
3100,F,25
3101,M,18
3102,M,25
3103,M,25
3104,M,18
3105,M,35
3106,M,25
3107,M,25
3108,M,50
3109,F,25
3110,M,25
3111,M,18
3112,M,18
3113,M,25
3114,M,18
3115,M,35
3116,M,25
3117,M,35
3118,M,25
3119,M,45
3120,M,18
3121,M,25
3122,F,25
3123,M,25
3124,M,25
3125,M,25
3126,M,25
3127,F,25
3128,M,18
3129,M,25
3130,M,25
3131,F,25
3132,M,35
3133,M,18
3134,M,18
3135,M,25
3136,F,25
3137,M,25
3138,M,35
3139,M,56
3140,F,25
3141,M,25
3142,M,25
3143,F,50
3144,F,25
3145,M,18
3146,M,25
3147,M,25
3148,M,18
3149,M,18
3150,F,25
3151,F,25
3152,M,18
3153,F,25
3154,F,25
3155,M,25
3156,M,35
3157,M,25
3158,M,25
3159,F,25
3160,M,25
3161,M,25
3162,M,25
3163,M,18
3164,M,18
3165,M,35
3166,M,18
3167,M,25
3168,F,35
3169,M,50
3170,M,25
3171,F,50
3172,M,18
3173,M,25
3174,F,18
3175,M,35
3176,M,25
3177,F,25
3178,F,35
3179,F,18
3180,M,25
3181,M,25
3182,M,25
3183,M,50
3184,F,25
3185,M,18
3186,M,50
3187,M,35
3188,M,56
3189,M,25
3190,M,1
3191,M,25
3192,M,18
3193,M,25
3194,M,25
3195,M,18
3196,F,18
3197,F,18
3198,M,25
3199,M,18
3200,F,25
3201,M,45
3202,F,18
3203,M,35
3204,M,45
3205,F,35
3206,M,18
3207,M,35
3208,M,25
3209,M,25
3210,F,45
3211,M,50
3212,F,25
3213,F,25
3214,F,56
3215,F,50
3216,M,35
3217,F,35
3218,M,56
3219,F,18
3220,M,35
3221,M,25
3222,M,35
3223,M,25
3224,F,25
3225,M,18
3226,M,35
3227,F,25
3228,M,25
3229,F,56
3230,M,35
3231,M,25
3232,M,35
3233,M,50
3234,F,1
3235,M,18
3236,M,18
3237,M,35
3238,M,35
3239,F,25
3240,M,18
3241,F,50
3242,M,50
3243,M,25
3244,F,18
3245,M,18
3246,F,35
3247,M,35
3248,F,25
3249,F,25
3250,M,25
3251,M,35
3252,M,50
3253,F,35
3254,F,35
3255,F,25
3256,M,25
3257,M,25
3258,M,45
3259,F,18
3260,M,25
3261,M,45
3262,M,25
3263,M,50
3264,F,25
3265,M,25
3266,F,25
3267,M,25
3268,M,25
3269,F,18
3270,M,18
3271,F,35
3272,M,35
3273,M,35
3274,M,25
3275,M,35
3276,M,25
3277,M,25
3278,M,35
3279,M,45
3280,M,25
3281,M,25
3282,M,45
3283,M,35
3284,M,25
3285,M,25
3286,F,35
3287,M,56
3288,M,25
3289,M,45
3290,M,25
3291,F,25
3292,F,50
3293,M,45
3294,M,18
3295,M,18
3296,M,18
3297,M,18
3298,M,1
3299,F,25
3300,M,35
3301,F,25
3302,M,25
3303,M,56
3304,F,45
3305,M,56
3306,M,45
3307,M,50
3308,F,18
3309,M,25
3310,M,45
3311,M,25
3312,F,18
3313,M,35
3314,M,25
3315,M,25
3316,M,1
3317,M,25
3318,M,56
3319,F,56
3320,M,25
3321,M,35
3322,F,18
3323,M,35
3324,M,35
3325,F,35
3326,M,45
3327,M,18
3328,M,56
3329,M,50
3330,F,35
3331,F,25
3332,M,25
3333,M,18
3334,M,35
3335,M,25
3336,M,35
3337,M,25
3338,M,45
3339,M,25
3340,M,45
3341,M,25
3342,F,25
3343,F,18
3344,M,35
3345,M,25
3346,M,35
3347,F,35
3348,M,45
3349,F,18
3350,F,18
3351,F,18
3352,M,35
3353,M,35
3354,M,25
3355,M,25
3356,M,35
3357,M,25
3358,F,25
3359,M,25
3360,F,25
3361,M,25
3362,F,25
3363,F,35
3364,M,56
3365,M,50
3366,M,35
3367,M,50
3368,M,25
3369,M,45
3370,M,18
3371,M,25
3372,M,56
3373,M,18
3374,M,35
3375,M,25
3376,M,35
3377,M,25
3378,M,18
3379,M,35
3380,M,50
3381,M,25
3382,F,1
3383,M,56
3384,M,35
3385,F,25
3386,M,18
3387,M,18
3388,F,25
3389,M,18
3390,F,45
3391,M,18
3392,M,50
3393,M,35
3394,M,35
3395,M,25
3396,M,25
3397,M,25
3398,M,18
3399,M,25
3400,M,25
3401,M,35
3402,M,35
3403,M,35
3404,M,25
3405,M,35
3406,F,25
3407,F,45
3408,M,25
3409,M,25
3410,M,35
3411,M,18
3412,M,25
3413,F,25
3414,M,25
3415,M,35
3416,M,25
3417,F,18
3418,F,18
3419,M,45
3420,F,25
3421,M,45
3422,M,25
3423,M,25
3424,M,25
3425,M,18
3426,M,25
3427,M,25
3428,M,45
3429,F,25
3430,F,45
3431,F,45
3432,M,25
3433,M,18
3434,M,18
3435,M,45
3436,M,35
3437,F,25
3438,F,25
3439,M,18
3440,M,56
3441,F,25
3442,M,18
3443,F,35
3444,M,50
3445,F,35
3446,M,25
3447,M,25
3448,F,18
3449,M,25
3450,M,25
3451,F,25
3452,M,25
3453,M,35
3454,M,18
3455,F,25
3456,M,25
3457,M,25
3458,M,45
3459,M,18
3460,M,1
3461,M,35
3462,F,25
3463,M,25
3464,F,25
3465,M,25
3466,M,25
3467,M,25
3468,M,25
3469,M,45
3470,M,35
3471,M,18
3472,M,25
3473,F,35
3474,M,35
3475,M,25
3476,M,50
3477,F,50
3478,M,25
3479,M,18
3480,M,25
3481,M,18
3482,M,50
3483,F,45
3484,M,18
3485,M,25
3486,F,18
3487,M,18
3488,M,45
3489,M,18
3490,M,25
3491,M,25
3492,M,35
3493,M,25
3494,M,25
3495,M,18
3496,M,35
3497,F,35
3498,M,25
3499,M,25
3500,M,35
3501,F,35
3502,F,18
3503,M,18
3504,M,18
3505,F,25
3506,M,18
3507,M,25
3508,M,18
3509,M,18
3510,F,18
3511,M,50
3512,M,18
3513,M,25
3514,M,18
3515,M,35
3516,M,18
3517,M,18
3518,F,18
3519,F,25
3520,M,25
3521,M,25
3522,M,18
3523,M,35
3524,F,25
3525,F,18
3526,M,35
3527,M,25
3528,M,35
3529,F,45
3530,M,25
3531,F,25
3532,F,35
3533,M,25
3534,M,35
3535,M,45
3536,M,18
3537,M,1
3538,M,35
3539,F,25
3540,M,18
3541,M,25
3542,M,25
3543,M,25
3544,F,25
3545,M,35
3546,M,25
3547,M,35
3548,M,45
3549,F,35
3550,M,25
3551,F,56
3552,F,35
3553,M,35
3554,M,25
3555,M,56
3556,M,25
3557,M,18
3558,M,18
3559,M,18
3560,F,25
3561,M,35
3562,F,25
3563,M,25
3564,M,25
3565,M,25
3566,M,45
3567,M,25
3568,M,25
3569,F,18
3570,M,35
3571,M,18
3572,M,35
3573,M,1
3574,F,35
3575,M,25
3576,M,50
3577,F,56
3578,M,50
3579,M,18
3580,F,18
3581,M,18
3582,F,35
3583,F,25
3584,M,18
3585,M,35
3586,M,35
3587,M,35
3588,M,25
3589,F,45
3590,F,18
3591,M,35
3592,F,56
3593,F,25
3594,M,1
3595,M,25
3596,F,35
3597,M,25
3598,M,56
3599,M,25
3600,M,35
3601,F,35
3602,M,25
3603,F,35
3604,F,1
3605,M,18
3606,F,25
3607,M,35
3608,F,35
3609,F,25
3610,M,18
3611,M,25
3612,M,25
3613,M,25
3614,M,25
3615,M,25
3616,M,45
3617,M,35
3618,M,56
3619,M,50
3620,M,25
3621,M,18
3622,M,18
3623,M,35
3624,M,25
3625,M,18
3626,M,25
3627,F,35
3628,M,25
3629,F,50
3630,M,18
3631,M,18
3632,M,50
3633,M,35
3634,M,50
3635,M,50
3636,M,25
3637,M,25
3638,M,25
3639,M,18
3640,M,35
3641,M,25
3642,F,25
3643,M,25
3644,F,25
3645,M,35
3646,M,35
3647,M,25
3648,M,18
3649,F,25
3650,M,25
3651,M,25
3652,M,25
3653,M,18
3654,M,25
3655,F,25
3656,F,45
3657,M,18
3658,F,25
3659,M,18
3660,M,35
3661,M,35
3662,M,35
3663,F,35
3664,F,35
3665,M,25
3666,M,45
3667,F,1
3668,F,45
3669,M,25
3670,M,45
3671,M,25
3672,M,35
3673,M,25
3674,M,25
3675,M,35
3676,F,35
3677,F,25
3678,M,25
3679,M,25
3680,F,25
3681,M,25
3682,F,50
3683,M,25
3684,M,25
3685,M,25
3686,M,25
3687,F,50
3688,M,18
3689,M,25
3690,M,18
3691,M,25
3692,M,35
3693,M,25
3694,M,25
3695,M,25
3696,M,35
3697,M,25
3698,M,25
3699,F,56
3700,M,25
3701,M,35
3702,M,35
3703,M,18
3704,F,35
3705,M,45
3706,M,25
3707,F,18
3708,M,56
3709,M,25
3710,M,1
3711,M,35
3712,M,25
3713,F,25
3714,M,25
3715,M,18
3716,M,18
3717,M,35
3718,M,50
3719,M,25
3720,M,45
3721,M,25
3722,M,25
3723,M,25
3724,M,35
3725,M,18
3726,M,25
3727,M,35
3728,M,18
3729,M,18
3730,M,25
3731,M,25
3732,M,25
3733,M,18
3734,M,18
3735,M,25
3736,M,35
3737,M,25
3738,M,45
3739,M,56
3740,M,18
3741,M,25
3742,M,25
3743,F,35
3744,M,25
3745,F,25
3746,M,25
3747,M,45
3748,M,18
3749,F,25
3750,F,18
3751,F,35
3752,F,18
3753,M,25
3754,M,56
3755,F,50
3756,M,18
3757,M,25
3758,F,35
3759,M,35
3760,M,50
3761,M,25
3762,M,50
3763,M,25
3764,M,25
3765,F,50
3766,F,18
3767,M,25
3768,M,25
3769,M,25
3770,F,35
3771,M,25
3772,M,35
3773,M,35
3774,M,25
3775,M,35
3776,F,25
3777,M,18
3778,M,25
3779,F,45
3780,M,1
3781,F,56
3782,F,25
3783,M,25
3784,F,25
3785,F,25
3786,F,25
3787,F,25
3788,F,18
3789,F,25
3790,F,25
3791,M,50
3792,M,25
3793,M,18
3794,F,18
3795,F,18
3796,M,45
3797,M,25
3798,M,25
3799,M,18
3800,M,18
3801,M,18
3802,M,18
3803,F,35
3804,M,25
3805,F,35
3806,M,18
3807,F,35
3808,M,25
3809,M,35
3810,M,50
3811,M,25
3812,M,35
3813,M,35
3814,M,25
3815,M,25
3816,F,25
3817,M,35
3818,M,45
3819,M,25
3820,M,25
3821,M,25
3822,M,45
3823,M,56
3824,M,25
3825,M,18
3826,M,25
3827,M,50
3828,M,25
3829,F,25
3830,M,18
3831,F,18
3832,F,25
3833,M,25
3834,M,18
3835,M,25
3836,F,50
3837,M,25
3838,F,25
3839,M,50
3840,F,25
3841,M,45
3842,F,35
3843,F,1
3844,M,18
3845,M,25
3846,M,35
3847,M,25
3848,M,25
3849,M,35
3850,M,18
3851,M,25
3852,M,50
3853,M,25
3854,M,25
3855,M,25
3856,F,35
3857,M,18
3858,F,45
3859,M,25
3860,M,45
3861,M,18
3862,M,25
3863,M,25
3864,M,50
3865,F,1
3866,M,45
3867,M,35
3868,M,18
3869,M,18
3870,M,25
3871,M,18
3872,M,25
3873,F,45
3874,M,25
3875,M,25
3876,M,25
3877,M,45
3878,M,35
3879,M,25
3880,M,25
3881,M,18
3882,M,56
3883,M,50
3884,M,18
3885,M,25
3886,M,35
3887,M,18
3888,M,45
3889,M,45
3890,M,18
3891,F,56
3892,M,25
3893,M,25
3894,M,35
3895,F,35
3896,M,35
3897,M,56
3898,M,45
3899,M,25
3900,F,25
3901,M,18
3902,M,25
3903,M,25
3904,M,1
3905,M,25
3906,M,50
3907,F,18
3908,M,25
3909,M,18
3910,M,25
3911,M,18
3912,M,25
3913,M,18
3914,M,35
3915,F,35
3916,M,25
3917,F,35
3918,M,25
3919,M,45
3920,M,35
3921,M,25
3922,M,18
3923,M,35
3924,M,50
3925,M,25
3926,M,25
3927,F,25
3928,M,25
3929,M,25
3930,M,56
3931,M,25
3932,M,25
3933,F,35
3934,M,25
3935,M,35
3936,F,35
3937,M,56
3938,M,25
3939,M,45
3940,M,35
3941,M,45
3942,M,18
3943,F,35
3944,F,35
3945,F,45
3946,F,25
3947,M,25
3948,F,45
3949,M,45
3950,M,25
3951,F,18
3952,F,45
3953,M,25
3954,M,18
3955,M,35
3956,M,25
3957,M,35
3958,M,45
3959,F,45
3960,F,35
3961,M,25
3962,F,56
3963,M,50
3964,M,56
3965,M,18
3966,M,25
3967,F,18
3968,M,25
3969,M,56
3970,F,25
3971,F,18
3972,F,25
3973,M,25
3974,M,35
3975,F,25
3976,F,25
3977,M,35
3978,M,35
3979,F,50
3980,M,25
3981,F,45
3982,M,56
3983,M,25
3984,M,25
3985,M,45
3986,M,25
3987,F,18
3988,F,25
3989,M,50
3990,M,25
3991,M,25
3992,M,25
3993,M,25
3994,M,50
3995,M,35
3996,M,18
3997,M,35
3998,M,45
3999,M,35
4000,M,35
4001,F,25
4002,M,45
4003,M,56
4004,M,50
4005,M,35
4006,M,1
4007,M,35
4008,M,18
4009,M,18
4010,M,25
4011,M,25
4012,M,18
4013,M,25
4014,M,25
4015,F,45
4016,M,50
4017,M,25
4018,F,45
4019,M,35
4020,M,25
4021,M,50
4022,M,35
4023,F,35
4024,M,25
4025,F,56
4026,M,25
4027,F,25
4028,M,25
4029,F,56
4030,M,35
4031,M,25
4032,M,25
4033,M,25
4034,M,25
4035,M,18
4036,M,25
4037,M,50
4038,M,50
4039,M,25
4040,M,25
4041,M,18
4042,M,35
4043,F,25
4044,F,35
4045,M,56
4046,M,45
4047,M,18
4048,F,35
4049,M,45
4050,M,35
4051,M,18
4052,M,25
4053,M,25
4054,M,35
4055,M,50
4056,M,1
4057,M,35
4058,M,25
4059,M,25
4060,M,25
4061,M,50
4062,M,25
4063,F,35
4064,M,45
4065,F,45
4066,M,25
4067,M,45
4068,M,56
4069,M,35
4070,M,25
4071,M,25
4072,M,50
4073,M,25
4074,M,35
4075,M,25
4076,M,25
4077,F,35
4078,M,25
4079,M,35
4080,M,35
4081,M,18
4082,M,25
4083,M,56
4084,M,56
4085,F,25
4086,F,1
4087,M,1
4088,M,25
4089,M,25
4090,M,56
4091,M,25
4092,F,25
4093,M,25
4094,M,25
4095,M,25
4096,M,25
4097,M,25
4098,M,35
4099,M,35
4100,M,56
4101,M,18
4102,M,1
4103,M,18
4104,M,18
4105,M,50
4106,M,25
4107,F,25
4108,M,35
4109,M,35
4110,F,45
4111,M,25
4112,M,45
4113,M,35
4114,M,35
4115,M,25
4116,M,35
4117,M,18
4118,M,25
4119,M,50
4120,M,25
4121,M,45
4122,M,18
4123,F,25
4124,M,25
4125,M,35
4126,M,25
4127,M,50
4128,M,35
4129,M,56
4130,M,35
4131,M,45
4132,M,25
4133,M,45
4134,F,45
4135,M,1
4136,M,50
4137,M,25
4138,M,25
4139,M,56
4140,M,25
4141,M,35
4142,M,56
4143,F,25
4144,M,18
4145,F,50
4146,M,35
4147,F,50
4148,F,35
4149,M,35
4150,M,25
4151,M,45
4152,M,25
4153,M,50
4154,M,25
4155,M,50
4156,M,56
4157,M,50
4158,F,1
4159,F,50
4160,M,35
4161,M,45
4162,F,25
4163,M,56
4164,M,35
4165,F,25
4166,F,25
4167,M,25
4168,F,45
4169,M,50
4170,M,45
4171,M,56
4172,M,35
4173,F,18
4174,F,35
4175,M,35
4176,M,45
4177,M,35
4178,F,50
4179,F,35
4180,M,56
4181,F,25
4182,M,25
4183,M,25
4184,M,50
4185,M,25
4186,M,25
4187,F,56
4188,M,50
4189,M,35
4190,M,45
4191,F,45
4192,M,35
4193,M,56
4194,M,18
4195,F,56
4196,M,35
4197,F,45
4198,M,18
4199,F,25
4200,M,45
4201,F,25
4202,M,25
4203,M,25
4204,M,35
4205,F,25
4206,F,35
4207,M,35
4208,F,35
4209,M,56
4210,M,25
4211,M,45
4212,M,56
4213,M,35
4214,F,25
4215,M,25
4216,M,25
4217,M,18
4218,M,50
4219,M,35
4220,M,35
4221,M,35
4222,F,45
4223,F,35
4224,F,45
4225,F,25
4226,F,35
4227,M,25
4228,M,50
4229,M,35
4230,M,56
4231,F,50
4232,F,35
4233,M,35
4234,F,45
4235,M,50
4236,F,25
4237,M,25
4238,M,35
4239,M,50
4240,M,35
4241,M,35
4242,M,50
4243,M,56
4244,M,35
4245,M,50
4246,F,35
4247,M,25
4248,M,25
4249,F,18
4250,F,50
4251,M,45
4252,F,35
4253,M,45
4254,M,25
4255,M,50
4256,F,1
4257,M,50
4258,M,25
4259,M,35
4260,M,25
4261,F,35
4262,F,35
4263,M,25
4264,M,45
4265,M,25
4266,M,56
4267,M,35
4268,F,45
4269,M,35
4270,M,45
4271,M,35
4272,M,45
4273,M,45
4274,F,45
4275,F,45
4276,F,45
4277,M,35
4278,F,45
4279,M,25
4280,M,35
4281,M,56
4282,M,35
4283,F,25
4284,M,50
4285,M,35
4286,M,35
4287,M,25
4288,F,25
4289,M,35
4290,M,25
4291,M,35
4292,M,25
4293,F,45
4294,M,1
4295,M,18
4296,M,56
4297,M,45
4298,F,18
4299,F,25
4300,F,18
4301,M,35
4302,M,50
4303,M,25
4304,M,18
4305,F,45
4306,M,45
4307,M,25
4308,M,25
4309,M,25
4310,M,25
4311,M,50
4312,M,25
4313,F,25
4314,M,25
4315,M,18
4316,M,25
4317,F,35
4318,M,25
4319,M,35
4320,M,25
4321,M,45
4322,F,50
4323,M,18
4324,M,25
4325,M,25
4326,F,45
4327,M,35
4328,M,50
4329,F,25
4330,F,45
4331,M,35
4332,F,25
4333,M,50
4334,M,25
4335,M,35
4336,F,25
4337,M,18
4338,F,18
4339,M,25
4340,F,25
4341,M,35
4342,M,25
4343,M,25
4344,M,25
4345,F,25
4346,M,18
4347,F,18
4348,M,45
4349,M,18
4350,M,18
4351,M,25
4352,M,18
4353,M,25
4354,M,35
4355,M,50
4356,M,35
4357,F,35
4358,M,35
4359,M,18
4360,F,25
4361,M,35
4362,M,25
4363,M,35
4364,M,25
4365,F,50
4366,M,18
4367,M,35
4368,M,18
4369,M,50
4370,M,25
4371,F,18
4372,M,35
4373,M,50
4374,M,18
4375,F,25
4376,F,25
4377,M,25
4378,M,18
4379,M,25
4380,F,25
4381,M,25
4382,M,25
4383,F,18
4384,M,25
4385,M,25
4386,M,25
4387,F,18
4388,M,45
4389,M,25
4390,M,25
4391,F,18
4392,M,18
4393,M,18
4394,M,25
4395,M,50
4396,M,18
4397,M,18
4398,F,18
4399,F,18
4400,F,18
4401,M,18
4402,F,18
4403,M,25
4404,M,25
4405,M,25
4406,M,25
4407,M,18
4408,F,45
4409,M,25
4410,M,18
4411,M,18
4412,M,18
4413,M,1
4414,M,25
4415,M,18
4416,M,18
4417,M,25
4418,F,50
4419,F,45
4420,M,25
4421,M,45
4422,M,25
4423,M,18
4424,M,25
4425,M,35
4426,M,45
4427,M,18
4428,M,25
4429,M,25
4430,F,25
4431,M,1
4432,M,25
4433,M,25
4434,F,35
4435,M,25
4436,M,25
4437,F,35
4438,M,50
4439,M,35
4440,M,35
4441,M,18
4442,M,50
4443,M,56
4444,F,25
4445,M,25
4446,M,18
4447,M,45
4448,M,25
4449,M,25
4450,M,25
4451,M,25
4452,F,25
4453,M,35
4454,M,25
4455,M,35
4456,F,35
4457,M,35
4458,F,25
4459,M,25
4460,M,25
4461,M,25
4462,F,25
4463,M,50
4464,F,50
4465,M,18
4466,M,35
4467,F,50
4468,F,35
4469,F,45
4470,M,35
4471,M,25
4472,F,45
4473,M,35
4474,M,35
4475,M,18
4476,M,45
4477,M,25
4478,M,1
4479,M,50
4480,M,25
4481,M,25
4482,F,35
4483,F,25
4484,F,25
4485,M,25
4486,M,35
4487,M,25
4488,M,35
4489,M,18
4490,M,35
4491,M,18
4492,M,56
4493,F,1
4494,M,45
4495,M,18
4496,M,45
4497,M,50
4498,M,50
4499,M,25
4500,M,50
4501,M,25
4502,M,50
4503,M,56
4504,F,25
4505,M,50
4506,M,50
4507,M,18
4508,M,25
4509,M,25
4510,M,45
4511,M,35
4512,M,25
4513,M,56
4514,M,18
4515,M,56
4516,M,18
4517,F,18
4518,M,25
4519,M,50
4520,M,25
4521,M,35
4522,M,45
4523,M,18
4524,M,25
4525,M,25
4526,M,25
4527,M,18
4528,M,25
4529,M,35
4530,F,35
4531,M,18
4532,M,25
4533,M,25
4534,M,18
4535,M,18
4536,M,18
4537,F,45
4538,M,25
4539,M,35
4540,F,25
4541,M,1
4542,M,35
4543,M,25
4544,M,56
4545,M,25
4546,M,25
4547,M,18
4548,M,18
4549,F,1
4550,M,18
4551,M,18
4552,M,25
4553,F,35
4554,F,25
4555,F,18
4556,M,45
4557,M,25
4558,M,35
4559,M,25
4560,M,25
4561,F,25
4562,M,35
4563,F,25
4564,M,35
4565,M,35
4566,M,35
4567,M,18
4568,F,25
4569,M,25
4570,M,45
4571,M,35
4572,F,1
4573,M,50
4574,M,25
4575,F,1
4576,F,25
4577,M,35
4578,M,25
4579,F,18
4580,F,56
4581,M,25
4582,F,25
4583,M,50
4584,F,45
4585,M,35
4586,M,25
4587,M,35
4588,F,25
4589,M,25
4590,F,18
4591,M,25
4592,M,18
4593,F,45
4594,M,35
4595,M,25
4596,F,18
4597,F,25
4598,F,35
4599,F,35
4600,M,25
4601,M,35
4602,M,35
4603,F,35
4604,M,25
4605,M,25
4606,F,1
4607,M,25
4608,F,25
4609,F,25
4610,F,25
4611,F,18
4612,F,18
4613,M,25
4614,F,45
4615,M,25
4616,M,25
4617,F,25
4618,M,25
4619,F,25
4620,F,18
4621,M,25
4622,M,25
4623,M,25
4624,M,25
4625,M,25
4626,M,25
4627,M,56
4628,F,56
4629,F,18
4630,F,25
4631,M,18
4632,M,25
4633,M,1
4634,M,50
4635,M,18
4636,M,18
4637,F,35
4638,M,25
4639,M,35
4640,M,25
4641,M,25
4642,M,25
4643,M,25
4644,M,50
4645,F,50
4646,F,25
4647,M,35
4648,M,18
4649,M,56
4650,M,25
4651,F,45
4652,F,25
4653,M,35
4654,M,35
4655,F,25
4656,M,25
4657,M,45
4658,M,25
4659,F,25
4660,F,18
4661,M,45
4662,F,18
4663,M,25
4664,F,45
4665,M,35
4666,M,35
4667,M,25
4668,M,35
4669,M,35
4670,M,35
4671,M,25
4672,M,56
4673,M,35
4674,F,35
4675,F,18
4676,M,45
4677,M,50
4678,M,35
4679,M,56
4680,M,35
4681,F,35
4682,M,25
4683,M,25
4684,F,25
4685,M,35
4686,M,18
4687,M,35
4688,M,25
4689,M,18
4690,F,1
4691,F,45
4692,F,25
4693,M,18
4694,M,56
4695,M,18
4696,M,18
4697,M,18
4698,F,25
4699,F,18
4700,F,18
4701,M,45
4702,M,25
4703,M,25
4704,M,18
4705,F,18
4706,M,25
4707,M,1
4708,M,25
4709,M,45
4710,F,35
4711,M,25
4712,M,35
4713,M,25
4714,M,50
4715,M,25
4716,F,25
4717,M,45
4718,M,35
4719,F,35
4720,M,25
4721,M,35
4722,M,35
4723,M,35
4724,F,56
4725,M,35
4726,F,35
4727,F,56
4728,M,25
4729,M,50
4730,M,50
4731,M,25
4732,M,25
4733,M,18
4734,M,50
4735,M,45
4736,M,18
4737,M,35
4738,M,56
4739,M,25
4740,F,25
4741,M,35
4742,M,25
4743,M,56
4744,M,50
4745,F,18
4746,M,50
4747,M,18
4748,M,45
4749,M,45
4750,F,25
4751,M,50
4752,F,18
4753,M,56
4754,F,18
4755,F,56
4756,M,56
4757,M,35
4758,F,56
4759,F,50
4760,M,35
4761,M,18
4762,F,25
4763,M,56
4764,M,1
4765,F,35
4766,M,35
4767,F,35
4768,M,25
4769,M,25
4770,F,35
4771,F,25
4772,M,56
4773,M,45
4774,M,45
4775,M,25
4776,F,25
4777,M,25
4778,M,25
4779,M,45
4780,M,25
4781,F,50
4782,M,45
4783,M,25
4784,F,35
4785,F,25
4786,M,45
4787,M,1
4788,M,35
4789,M,35
4790,F,25
4791,M,18
4792,F,50
4793,F,25
4794,F,35
4795,M,45
4796,M,35
4797,F,35
4798,M,25
4799,F,18
4800,M,18
4801,M,25
4802,M,56
4803,F,25
4804,F,35
4805,M,35
4806,M,25
4807,M,1
4808,M,35
4809,F,50
4810,M,18
4811,M,35
4812,M,18
4813,F,35
4814,M,18
4815,F,50
4816,F,45
4817,M,25
4818,F,25
4819,M,35
4820,M,50
4821,M,18
4822,F,35
4823,M,18
4824,M,25
4825,M,25
4826,M,45
4827,M,35
4828,F,18
4829,M,25
4830,M,1
4831,F,25
4832,M,25
4833,M,35
4834,F,45
4835,M,25
4836,F,45
4837,M,25
4838,M,45
4839,F,50
4840,F,45
4841,M,25
4842,F,35
4843,M,56
4844,M,45
4845,F,25
4846,F,25
4847,M,25
4848,F,35
4849,F,18
4850,F,45
4851,M,18
4852,M,35
4853,M,25
4854,F,50
4855,M,25
4856,M,25
4857,M,25
4858,M,25
4859,F,18
4860,M,25
4861,M,25
4862,M,25
4863,F,25
4864,M,18
4865,F,35
4866,M,56
4867,M,25
4868,M,35
4869,F,45
4870,F,35
4871,M,18
4872,M,45
4873,M,56
4874,F,25
4875,M,35
4876,F,35
4877,M,25
4878,M,50
4879,M,25
4880,F,45
4881,M,45
4882,M,45
4883,F,1
4884,M,35
4885,M,56
4886,F,35
4887,M,18
4888,F,56
4889,M,18
4890,F,25
4891,M,35
4892,M,25
4893,M,25
4894,M,35
4895,F,25
4896,M,35
4897,M,35
4898,M,25
4899,M,25
4900,M,25
4901,M,25
4902,M,35
4903,M,35
4904,M,50
4905,F,45
4906,M,50
4907,F,50
4908,M,35
4909,F,35
4910,M,18
4911,F,25
4912,F,50
4913,F,25
4914,F,25
4915,M,25
4916,M,18
4917,M,45
4918,F,18
4919,M,18
4920,M,35
4921,F,25
4922,M,18
4923,M,45
4924,F,35
4925,F,35
4926,M,1
4927,M,45
4928,F,25
4929,M,45
4930,M,50
4931,M,50
4932,M,25
4933,M,25
4934,F,25
4935,M,35
4936,F,18
4937,M,35
4938,F,18
4939,M,25
4940,F,50
4941,M,56
4942,M,45
4943,F,50
4944,M,50
4945,M,50
4946,F,35
4947,M,35
4948,M,45
4949,M,18
4950,M,25
4951,F,35
4952,F,25
4953,M,35
4954,M,45
4955,M,56
4956,M,35
4957,M,25
4958,M,18
4959,M,25
4960,M,56
4961,M,25
4962,M,25
4963,M,45
4964,M,35
4965,M,1
4966,M,50
4967,M,18
4968,F,50
4969,M,18
4970,F,25
4971,M,35
4972,M,35
4973,F,56
4974,M,35
4975,M,35
4976,M,25
4977,M,25
4978,M,35
4979,M,35
4980,M,25
4981,M,50
4982,M,25
4983,F,45
4984,M,35
4985,M,35
4986,M,18
4987,F,56
4988,M,25
4989,M,25
4990,F,25
4991,F,56
4992,F,25
4993,M,45
4994,M,45
4995,M,50
4996,M,35
4997,M,1
4998,F,18
4999,F,56
5000,M,25
5001,F,25
5002,M,25
5003,M,35
5004,F,56
5005,M,45
5006,M,35
5007,F,18
5008,M,25
5009,F,45
5010,M,45
5011,M,18
5012,M,50
5013,M,18
5014,M,45
5015,M,35
5016,F,35
5017,M,35
5018,F,56
5019,M,25
5020,F,56
5021,M,50
5022,M,35
5023,M,35
5024,F,45
5025,M,25
5026,M,25
5027,F,25
5028,M,25
5029,M,25
5030,M,18
5031,F,25
5032,M,18
5033,F,56
5034,F,25
5035,F,25
5036,M,35
5037,M,35
5038,M,25
5039,F,35
5040,M,45
5041,F,45
5042,F,18
5043,F,18
5044,F,35
5045,M,35
5046,M,25
5047,M,45
5048,F,35
5049,M,25
5050,F,18
5051,F,50
5052,M,35
5053,M,25
5054,M,35
5055,F,35
5056,M,45
5057,M,50
5058,M,56
5059,M,45
5060,M,45
5061,F,18
5062,M,50
5063,F,1
5064,M,18
5065,M,25
5066,F,25
5067,M,56
5068,M,35
5069,F,56
5070,M,25
5071,F,25
5072,M,45
5073,M,56
5074,M,1
5075,M,50
5076,M,25
5077,M,25
5078,M,45
5079,M,25
5080,F,50
5081,F,18
5082,M,35
5083,M,25
5084,M,18
5085,M,56
5086,M,25
5087,F,25
5088,M,25
5089,F,35
5090,F,35
5091,M,25
5092,M,56
5093,M,50
5094,M,18
5095,F,35
5096,M,25
5097,M,56
5098,M,50
5099,M,18
5100,M,50
5101,M,25
5102,M,25
5103,F,35
5104,M,35
5105,M,50
5106,F,35
5107,F,45
5108,F,25
5109,F,45
5110,M,35
5111,M,35
5112,M,35
5113,M,25
5114,F,1
5115,M,56
5116,M,35
5117,F,25
5118,M,1
5119,F,25
5120,M,50
5121,M,25
5122,M,25
5123,M,50
5124,M,35
5125,M,45
5126,M,25
5127,M,45
5128,M,50
5129,M,45
5130,F,50
5131,F,25
5132,M,35
5133,M,18
5134,M,25
5135,M,35
5136,M,25
5137,M,18
5138,M,25
5139,M,50
5140,M,25
5141,M,18
5142,M,25
5143,M,18
5144,F,50
5145,M,35
5146,M,56
5147,M,18
5148,M,25
5149,M,35
5150,M,25
5151,M,18
5152,F,25
5153,M,25
5154,M,25
5155,M,25
5156,M,18
5157,M,35
5158,F,18
5159,M,35
5160,F,18
5161,M,25
5162,M,25
5163,M,45
5164,F,35
5165,M,35
5166,M,50
5167,M,18
5168,M,35
5169,F,50
5170,M,18
5171,M,56
5172,F,35
5173,M,1
5174,M,45
5175,F,35
5176,M,1
5177,M,45
5178,M,50
5179,M,25
5180,M,35
5181,M,25
5182,F,35
5183,F,18
5184,M,18
5185,F,35
5186,M,35
5187,M,18
5188,F,35
5189,F,45
5190,F,35
5191,F,25
5192,M,25
5193,M,35
5194,M,25
5195,M,35
5196,M,56
5197,F,56
5198,F,18
5199,F,25
5200,F,35
5201,M,50
5202,M,18
5203,F,45
5204,M,50
5205,M,25
5206,M,35
5207,M,25
5208,M,25
5209,M,50
5210,F,35
5211,M,25
5212,M,18
5213,M,18
5214,F,35
5215,F,56
5216,M,18
5217,M,25
5218,M,18
5219,M,18
5220,M,25
5221,F,56
5222,M,25
5223,M,56
5224,M,35
5225,M,18
5226,M,35
5227,M,18
5228,M,1
5229,M,25
5230,M,25
5231,M,35
5232,M,25
5233,M,25
5234,F,25
5235,M,25
5236,M,25
5237,M,25
5238,F,50
5239,M,35
5240,F,25
5241,F,25
5242,M,25
5243,M,1
5244,M,18
5245,F,45
5246,F,18
5247,F,1
5248,F,45
5249,F,45
5250,M,50
5251,F,25
5252,M,25
5253,F,56
5254,M,18
5255,M,1
5256,M,25
5257,F,25
5258,M,35
5259,M,25
5260,M,35
5261,M,35
5262,F,25
5263,M,35
5264,M,18
5265,M,45
5266,M,35
5267,M,35
5268,F,25
5269,M,18
5270,M,25
5271,F,25
5272,M,25
5273,M,56
5274,M,25
5275,M,25
5276,F,25
5277,M,25
5278,F,25
5279,F,25
5280,M,18
5281,M,25
5282,F,18
5283,M,18
5284,M,25
5285,M,18
5286,M,45
5287,M,25
5288,M,56
5289,M,45
5290,F,18
5291,M,45
5292,M,25
5293,M,25
5294,M,25
5295,M,35
5296,F,1
5297,M,25
5298,M,35
5299,M,25
5300,M,25
5301,M,25
5302,F,1
5303,F,56
5304,F,35
5305,F,18
5306,F,25
5307,M,25
5308,M,56
5309,M,25
5310,F,56
5311,M,50
5312,M,25
5313,M,56
5314,F,25
5315,M,25
5316,M,18
5317,F,25
5318,M,18
5319,M,18
5320,F,18
5321,M,25
5322,M,35
5323,M,25
5324,M,25
5325,F,50
5326,M,25
5327,M,25
5328,F,25
5329,F,25
5330,F,25
5331,M,35
5332,M,18
5333,F,25
5334,F,56
5335,M,25
5336,M,56
5337,F,35
5338,M,25
5339,M,18
5340,F,50
5341,F,25
5342,F,35
5343,F,25
5344,F,50
5345,F,25
5346,F,25
5347,M,25
5348,M,18
5349,F,50
5350,M,18
5351,F,45
5352,F,35
5353,M,25
5354,F,45
5355,M,56
5356,M,45
5357,F,18
5358,M,35
5359,M,18
5360,M,18
5361,F,50
5362,M,35
5363,M,56
5364,F,25
5365,M,18
5366,M,18
5367,M,18
5368,F,25
5369,M,25
5370,M,25
5371,M,25
5372,M,25
5373,M,18
5374,M,35
5375,M,25
5376,M,25
5377,F,18
5378,M,35
5379,M,25
5380,M,18
5381,M,25
5382,M,18
5383,M,35
5384,F,25
5385,M,25
5386,M,25
5387,F,25
5388,F,18
5389,M,45
5390,M,1
5391,M,25
5392,M,50
5393,M,35
5394,M,18
5395,M,50
5396,M,25
5397,M,18
5398,M,56
5399,M,25
5400,F,18
5401,F,18
5402,F,25
5403,M,1
5404,M,25
5405,F,50
5406,F,35
5407,F,35
5408,M,25
5409,M,45
5410,F,45
5411,F,1
5412,M,25
5413,M,35
5414,M,1
5415,F,25
5416,F,25
5417,M,18
5418,F,25
5419,F,18
5420,F,1
5421,M,35
5422,M,50
5423,F,50
5424,F,35
5425,M,18
5426,M,25
5427,M,35
5428,F,25
5429,F,25
5430,F,45
5431,M,56
5432,M,56
5433,F,35
5434,F,25
5435,M,45
5436,M,18
5437,M,25
5438,M,25
5439,M,56
5440,F,45
5441,M,50
5442,M,25
5443,M,25
5444,F,18
5445,M,25
5446,F,50
5447,M,45
5448,M,45
5449,M,18
5450,M,18
5451,F,25
5452,M,35
5453,M,18
5454,M,35
5455,F,18
5456,M,35
5457,M,18
5458,F,18
5459,F,1
5460,M,18
5461,M,50
5462,M,25
5463,M,35
5464,M,35
5465,F,25
5466,M,25
5467,M,35
5468,M,25
5469,M,35
5470,M,56
5471,M,18
5472,M,35
5473,M,25
5474,M,25
5475,M,25
5476,F,35
5477,M,35
5478,M,35
5479,M,35
5480,F,25
5481,M,45
5482,M,18
5483,F,25
5484,M,45
5485,M,25
5486,M,25
5487,M,25
5488,M,25
5489,M,18
5490,M,45
5491,M,18
5492,M,18
5493,M,35
5494,F,35
5495,F,18
5496,M,25
5497,M,25
5498,F,50
5499,F,25
5500,F,35
5501,M,25
5502,M,25
5503,F,25
5504,M,45
5505,F,25
5506,F,18
5507,M,45
5508,M,25
5509,M,25
5510,M,18
5511,M,45
5512,F,25
5513,M,35
5514,F,1
5515,M,18
5516,F,50
5517,M,56
5518,M,50
5519,M,35
5520,M,45
5521,F,25
5522,M,25
5523,M,35
5524,F,1
5525,F,1
5526,F,35
5527,M,25
5528,M,50
5529,M,18
5530,F,18
5531,M,50
5532,M,25
5533,F,50
5534,M,45
5535,M,25
5536,M,25
5537,F,56
5538,M,45
5539,F,25
5540,M,35
5541,M,56
5542,M,45
5543,M,25
5544,M,25
5545,F,35
5546,M,18
5547,F,18
5548,F,18
5549,F,50
5550,M,35
5551,F,35
5552,M,50
5553,M,35
5554,M,25
5555,M,1
5556,M,45
5557,M,35
5558,M,1
5559,M,50
5560,F,35
5561,F,25
5562,F,35
5563,F,25
5564,M,45
5565,M,18
5566,M,35
5567,M,50
5568,M,18
5569,F,18
5570,M,25
5571,F,25
5572,F,25
5573,F,35
5574,M,25
5575,M,35
5576,M,25
5577,M,50
5578,F,18
5579,F,35
5580,M,45
5581,M,25
5582,M,45
5583,M,56
5584,F,50
5585,M,25
5586,M,35
5587,M,25
5588,F,25
5589,F,25
5590,F,45
5591,M,18
5592,M,25
5593,M,50
5594,F,45
5595,M,25
5596,M,35
5597,F,18
5598,M,18
5599,M,35
5600,F,45
5601,M,35
5602,M,35
5603,M,50
5604,M,35
5605,F,18
5606,F,25
5607,M,18
5608,M,18
5609,F,50
5610,F,25
5611,F,35
5612,F,25
5613,F,35
5614,M,25
5615,M,35
5616,M,45
5617,M,25
5618,F,18
5619,F,18
5620,M,35
5621,M,25
5622,M,35
5623,M,25
5624,M,25
5625,M,25
5626,M,56
5627,M,25
5628,M,18
5629,M,25
5630,M,35
5631,M,35
5632,F,18
5633,M,50
5634,M,25
5635,F,35
5636,M,25
5637,M,1
5638,M,18
5639,F,18
5640,M,35
5641,F,25
5642,M,1
5643,F,35
5644,F,18
5645,M,25
5646,M,18
5647,M,18
5648,M,25
5649,F,18
5650,F,35
5651,F,25
5652,M,18
5653,M,50
5654,M,25
5655,F,25
5656,M,25
5657,M,50
5658,M,56
5659,M,25
5660,M,25
5661,F,25
5662,M,1
5663,F,35
5664,M,18
5665,M,18
5666,M,18
5667,M,35
5668,F,25
5669,M,56
5670,M,18
5671,M,25
5672,F,25
5673,F,35
5674,M,35
5675,M,35
5676,M,25
5677,M,25
5678,M,35
5679,M,35
5680,M,50
5681,F,25
5682,M,18
5683,F,18
5684,M,18
5685,M,25
5686,M,56
5687,F,1
5688,F,18
5689,M,25
5690,M,18
5691,M,35
5692,F,25
5693,F,25
5694,F,25
5695,F,35
5696,F,25
5697,M,25
5698,M,35
5699,M,35
5700,F,18
5701,M,25
5702,M,18
5703,M,56
5704,F,18
5705,F,18
5706,M,18
5707,M,25
5708,M,35
5709,M,18
5710,M,25
5711,M,25
5712,M,35
5713,F,50
5714,M,35
5715,M,18
5716,M,1
5717,M,25
5718,F,35
5719,M,56
5720,M,25
5721,M,45
5722,M,25
5723,M,18
5724,M,25
5725,M,18
5726,M,25
5727,M,25
5728,F,35
5729,M,18
5730,M,18
5731,F,25
5732,F,25
5733,M,25
5734,F,25
5735,M,25
5736,M,25
5737,M,45
5738,M,25
5739,M,25
5740,M,25
5741,M,50
5742,F,25
5743,F,35
5744,F,25
5745,F,18
5746,M,18
5747,M,25
5748,M,25
5749,M,25
5750,M,18
5751,F,1
5752,F,56
5753,M,18
5754,F,18
5755,F,35
5756,F,1
5757,M,1
5758,F,50
5759,F,25
5760,M,18
5761,M,25
5762,F,35
5763,F,25
5764,F,50
5765,M,25
5766,M,56
5767,M,25
5768,F,1
5769,M,45
5770,M,25
5771,M,25
5772,M,35
5773,M,25
5774,M,18
5775,M,25
5776,M,18
5777,M,1
5778,M,35
5779,M,25
5780,M,18
5781,M,25
5782,F,35
5783,F,45
5784,M,18
5785,F,25
5786,M,25
5787,M,25
5788,M,25
5789,M,25
5790,F,35
5791,M,18
5792,M,25
5793,M,25
5794,M,35
5795,M,25
5796,F,25
5797,M,25
5798,M,35
5799,M,25
5800,M,35
5801,M,25
5802,F,25
5803,M,1
5804,F,35
5805,F,25
5806,F,50
5807,M,35
5808,F,25
5809,M,25
5810,M,50
5811,M,18
5812,F,25
5813,M,25
5814,M,25
5815,M,25
5816,M,25
5817,M,25
5818,M,25
5819,M,50
5820,M,45
5821,M,25
5822,F,35
5823,M,25
5824,M,18
5825,F,25
5826,M,18
5827,M,25
5828,M,25
5829,F,25
5830,F,18
5831,M,25
5832,F,25
5833,F,35
5834,M,56
5835,F,35
5836,M,25
5837,M,25
5838,F,45
5839,M,25
5840,F,1
5841,F,35
5842,M,25
5843,M,35
5844,F,1
5845,F,25
5846,M,45
5847,F,18
5848,M,50
5849,M,35
5850,F,25
5851,F,18
5852,F,25
5853,M,50
5854,M,45
5855,M,50
5856,F,25
5857,F,45
5858,M,25
5859,M,25
5860,F,25
5861,F,50
5862,F,25
5863,F,25
5864,F,50
5865,M,25
5866,F,25
5867,F,45
5868,M,35
5869,F,25
5870,M,25
5871,F,25
5872,M,25
5873,M,18
5874,M,25
5875,M,25
5876,M,50
5877,M,18
5878,F,25
5879,M,35
5880,M,25
5881,M,35
5882,M,35
5883,F,18
5884,M,18
5885,M,25
5886,M,25
5887,F,35
5888,M,25
5889,M,50
5890,M,35
5891,M,18
5892,M,45
5893,M,25
5894,M,35
5895,M,25
5896,M,25
5897,M,25
5898,F,18
5899,M,35
5900,M,25
5901,F,35
5902,M,50
5903,M,25
5904,F,45
5905,F,35
5906,F,18
5907,M,25
5908,M,25
5909,M,18
5910,F,45
5911,F,25
5912,M,25
5913,F,18
5914,M,35
5915,M,18
5916,M,50
5917,F,50
5918,M,25
5919,M,18
5920,F,25
5921,M,25
5922,M,56
5923,M,25
5924,M,35
5925,F,25
5926,F,50
5927,M,35
5928,M,45
5929,F,35
5930,F,35
5931,F,18
5932,M,18
5933,M,25
5934,M,25
5935,M,18
5936,M,18
5937,M,25
5938,M,25
5939,F,45
5940,M,50
5941,F,25
5942,M,45
5943,F,45
5944,F,18
5945,F,35
5946,F,56
5947,F,45
5948,M,56
5949,M,18
5950,M,25
5951,M,18
5952,F,45
5953,M,1
5954,M,45
5955,F,25
5956,F,18
5957,M,18
5958,M,45
5959,F,18
5960,F,45
5961,F,45
5962,M,35
5963,M,25
5964,M,18
5965,M,25
5966,F,35
5967,M,50
5968,M,56
5969,M,45
5970,M,35
5971,M,35
5972,F,25
5973,M,1
5974,F,25
5975,M,25
5976,F,25
5977,M,35
5978,M,35
5979,M,25
5980,M,56
5981,M,35
5982,M,35
5983,M,25
5984,M,25
5985,F,18
5986,F,56
5987,M,25
5988,M,25
5989,F,1
5990,F,25
5991,F,35
5992,F,18
5993,F,50
5994,M,35
5995,F,35
5996,F,25
5997,F,25
5998,M,18
5999,F,25
6000,M,45
6001,F,25
6002,M,50
6003,F,45
6004,F,25
6005,F,25
6006,F,1
6007,M,35
6008,M,18
6009,F,25
6010,M,35
6011,M,35
6012,M,35
6013,F,25
6014,M,45
6015,F,25
6016,M,45
6017,F,35
6018,M,35
6019,M,25
6020,M,50
6021,M,25
6022,M,25
6023,M,25
6024,M,25
6025,F,25
6026,M,35
6027,M,18
6028,M,18
6029,F,25
6030,M,25
6031,F,18
6032,M,45
6033,M,50
6034,M,25
6035,F,25
6036,F,25
6037,F,45
6038,F,56
6039,F,45
6040,M,25
